[
{
	"pid":1,
	"title":"Nginx",
	"name":"nginx",
	"tip":"soft",
	"type":"Web服务器",
	"id":1,
	"sort":1001,
	"ps":"轻量级，占有内存少，并发能力强",
	"versions":"1.12,1.8,-Tengine2.2.0,openresty",
	"shell":"nginx.sh",
	"checks":"/www/server/nginx/sbin/nginx",
	"author":"nginx.org",
	"home":"https://www.nginx.org",
	"date":"2017-04-01",
	"default":false,
	"display":1
},{
	"pid":2,
	"title":"Apache",
	"tip":"soft",
	"name":"apache",
	"type":"Web服务器",
	"id":1,
	"sort":1001,
	"ps":" 世界排名第一，快速、可靠并且可通过简单的API扩充",
	"versions":"2.4,2.2",
	"shell":"httpd.sh",
	"checks":"/www/server/apache/bin/httpd",
	"author":"APACHE",
	"home":"http://www.apache.org",
	"date":"2017-04-01",
	"default":false,
	"display":1
},{
	"pid":3,
	"title":"MySQL",
	"tip":"soft",
	"name":"mysql",
	"type":"SQL数据库",
	"id":1,
	"sort":1001,
	"ps":"MySQL是一种关系数据库管理系统!",
	"versions":"5.1,5.5,5.6,5.7,AliSQL,mariadb_10.0,mariadb_10.1",
	"shell":"mysql.sh",
	"checks":"/www/server/mysql/bin/mysql,/www/server/mysql/bin/mysqldump",
	"author":"Oracle",
	"home":"https://www.mysql.com",
	"date":"2017-04-01",
	"default":false,
	"display":1
},{
	"pid":4,
	"title":"Pure-Ftpd",
	"tip":"soft",
	"name":"pure-ftpd",
	"type":"FTP服务器",
	"id":1,
	"sort":1001,
	"ps":"PureFTPd是一款专注于程序健壮和软件安全的免费FTP服务器软件",
	"versions":"1.0.45",
	"shell":"pure-ftpd.sh",
	"checks":"/www/server/pure-ftpd/bin/pure-pw",
	"author":"Pure-Ftpd",
	"home":"https://www.pureftpd.org",
	"date":"2017-04-01",
	"default":false,
	"display":1
},{
	"pid":5,
	"title":"Tomcat",
	"tip":"soft",
	"name":"tomcat",
	"type":"语言解释器",
	"id":1,
	"sort":1001,
	"ps":"开发和调试JSP程序的首选",
	"versions":"7,8,9",
	"shell":"tomcat.sh",
	"checks":"/www/server/tomcat/bin/catalina.sh",
	"author":"APACHE",
	"home":"https://www.apache.org",
	"date":"2017-04-01",
	"default":false,
	"display":1
},{
	"pid":6,
	"title":"phpMyAdmin",
	"tip":"soft",
	"name":"phpmyadmin",
	"type":"数据库工具",
	"id":2,
	"sort":1001,
	"ps":"Web端MySQL管理工具",
	"versions":"4.0,4.4,4.6,4.7",
	"shell":"phpmyadmin.sh",
	"checks":"/www/server/phpmyadmin/version.pl",
	"author":"phpMyAdmin",
	"home":"https://www.phpmyadmin.net",
	"date":"2017-04-01",
	"default":false,
	"display":1
},{
	"pid":7,
	"title":"PHP",
	"tip":"soft",
	"name":"php",
	"type":"语言解释器",
	"id":1,
	"sort":1001,
	"ps":"PHP是世界上最好的编程语言",
	"versions":"5.2,5.3,5.4,5.5,5.6,7.0,7.1",
	"shell":"php.sh",
	"checks":"/www/server/php/VERSION/bin/php",
	"author":"Zend",
	"home":"https://www.php.net",
	"date":"2017-04-01",
	"default":false,
	"display":1
},{
	"pid":18,
	"title":"宝塔一键部署源码",
	"tip":"lib",
	"name":"deployment",
	"type":"扩展",
	"id":3,
	"sort":1001,
	"ps":"快速部署常用程序!",
	"versions":"1.0",
	"shell":"deployment.sh",
	"checks":"/www/server/panel/plugin/deployment",
	"author":"宝塔",
	"home":"http://www.bt.cn/bbs",
	"date":"2017-07-26",
	"default":false,
	"display":1
},{
	"pid":8,
	"title":"七牛云存储",
	"tip":"lib",
	"name":"qiniu",
	"type":"计划任务",
	"id":2,
	"sort":1001,
	"ps":"将网站或数据库打包备份到七牛对象存储空间,七牛提供10GB免费存储空间, <a class='link' href='https://portal.qiniu.com/signup?code=3liz7nbopjd5e' target='_blank'>点击申请</a>",
	"versions":"1.4",
	"shell":"qiniu.sh",
	"checks":"/usr/lib/python2.6/site-packages/qiniu/auth.py,/usr/local/lib/python2.6/dist-packages/qiniu/auth.py,/usr/lib/python2.7/site-packages/qiniu/auth.py,/usr/local/lib/python2.7/dist-packages/qiniu/auth.py",
	"author":"宝塔",
	"home":"http://www.bt.cn/bbs/thread-839-1-1.html",
	"date":"2017-02-01",
	"default":false,
	"display":0
},{
	"pid":9,
	"title":"阿里云OSS",
	"tip":"lib",
	"name":"alioss",
	"type":"计划任务",
	"id":2,
	"sort":1001,
	"ps":"将网站或数据库打包备份到阿里云OSS对象存储空间,阿里云OSS提供5GB免费存储空间, <a class='link' href='https://www.aliyun.com/product/oss?spm=5176.8142029.388261.46.psCRgl' target='_blank'>点击申请</a>",
	"versions":"1.1",
	"shell":"alioss.sh",
	"checks":"/usr/lib/python2.6/site-packages/oss2/auth.py,/usr/local/lib/python2.6/dist-packages/oss2/auth.py,/usr/lib/python2.7/site-packages/oss2/auth.py,/usr/local/lib/python2.7/dist-packages/oss2/auth.py",
	"author":"宝塔",
	"home":"http://www.bt.cn/bbs/thread-1061-1-1.html",
	"date":"2017-02-02",
	"default":false,
	"display":0
},{
	"pid":10,
	"title":"FTP存储空间",
	"tip":"lib",
	"name":"ftp",
	"type":"计划任务",
	"id":2,
	"sort":1001,
	"ps":"将网站或数据库打包备份到FTP存储空间.",
	"versions":"1.5",
	"shell":"ftp.sh",
	"checks":"/www/server/panel/script/backup_ftp.py",
	"author":"宝塔",
	"home":"http://www.bt.cn/bbs",
	"date":"2017-02-03",
	"default":false,
	"display":0
},{
	"pid":11,
	"title":"申请内测",
	"tip":"lib",
	"name":"beta",
	"type":"其它",
	"id":3,
	"sort":1001,
	"ps":"申请内测资格，审核完成后将会获得内测版本更新推送，并可在宝塔论坛内测专用版块参与讨论",
	"versions":"1.2",
	"shell":"beta.sh",
	"checks":"/www/server/panel/data/beta.pl,/www/server/panel/plugin/beta/config.conf",
	"author":"宝塔",
	"home":"http://www.bt.cn/bbs/thread-1392-1-1.html",
	"date":"2017-02-01",
	"default":false,
	"display":1
},{
	"pid":12,
	"title":"PHP守护",
	"tip":"lib",
	"name":"phpguard",
	"type":"其它",
	"id":3,
	"sort":1001,
	"ps":"监控PHP-FPM运行状态，防止大批量出现502错误!",
	"versions":"1.2",
	"shell":"phpguard.sh",
	"checks":"/www/server/panel/data/502Task.pl,/www/server/panel/plugin/phpguard",
	"author":"宝塔",
	"home":"http://www.bt.cn/bbs",
	"date":"2017-02-01",
	"default":false,
	"display":1
},{
	"pid":13,
	"title":"宝塔跑分",
	"tip":"lib",
	"name":"score",
	"type":"其它",
	"id":3,
	"sort":1001,
	"ps":"测试服务器基础性能!",
	"versions":"1.3",
	"shell":"score.sh",
	"checks":"/www/server/panel/plugin/score",
	"author":"宝塔",
	"home":"http://www.bt.cn/bbs",
	"date":"2017-05-10",
	"default":false,
	"display":1
},{
	"pid":14,
	"title":"Linux工具箱",
	"tip":"lib",
	"name":"linuxsys",
	"type":"系统工具",
	"id":2,
	"sort":1001,
	"ps":"Linux系统工具，配置DNS、Swap、时区!",
	"versions":"1.0",
	"shell":"linuxsys.sh",
	"checks":"/www/server/panel/plugin/linuxsys",
	"author":"宝塔",
	"home":"http://www.bt.cn/bbs",
	"date":"2017-05-15",
	"default":false,
	"display":0
},{
	"pid":15,
	"title":"Redis",
	"tip":"soft",
	"name":"redis",
	"type":"通用缓存器",
	"id":1,
	"sort":1001,
	"ps":"Redis 是一个高性能的key-value数据库(要使用PHP连接redis，需在PHP设置中安装redis扩展)",
	"versions":"3.2.9",
	"shell":"redis_soft.sh",
	"checks":"/www/server/redis/runtest",
	"author":"redis",
	"home":"https://redis.io",
	"date":"2017-06-21",
	"default":false,
	"display":0
},{
	"pid":16,
	"title":"Memcached",
	"tip":"soft",
	"name":"memcached",
	"type":"通用缓存器",
	"id":1,
	"sort":1001,
	"ps":"Memcached 是一个高性能的分布式内存对象缓存系统",
	"versions":"1.4",
	"shell":"memcached_soft.sh",
	"checks":"/usr/local/memcached/bin/memcached",
	"author":"Memcached",
	"home":"http://memcached.org/",
	"date":"2017-06-21",
	"default":false,
	"display":0
},{
	"pid":17,
	"title":"宝塔WebHook",
	"tip":"lib",
	"name":"webhook",
	"type":"扩展",
	"id":3,
	"sort":1001,
	"ps":"WebHook，可设置回调脚本，通常用于第三方回调通知!",
	"versions":"1.0",
	"shell":"webhook.sh",
	"checks":"/www/server/panel/plugin/webhook",
	"author":"宝塔",
	"home":"https://www.bt.cn/bbs",
	"date":"2017-07-12",
	"default":false,
	"display":0
},{
	"pid":19,
	"title":"GitLab",
	"tip":"soft",
	"name":"gitlab",
	"type":"通用软件",
	"id":1,
	"sort":1001,
	"ps":"GitLab中文社区版，当前只支持Centos6/7 64位系统，内存小于2GB的机器请勿安装!",
	"versions":"8.8.5",
	"shell":"gitlab.sh",
	"checks":"/opt/gitlab/embedded/service/gitlab-rails/Gemfile",
	"author":"宝塔",
	"home":"http://www.bt.cn/bbs",
	"date":"2017-08-07",
	"default":false,
	"display":0
},
{
	"pid":20,
	"title":"宝塔一键迁移",
	"tip":"lib",
	"name":"psync",
	"type":"系统工具",
	"id":1,
	"sort":1001,
	"ps":"快速迁移面板数据!",
	"versions":"1.0",
	"shell":"psync.sh",
	"checks":"/www/server/panel/plugin/psync/psync_main.py",
	"author":"宝塔",
	"home":"http://www.bt.cn/bbs",
	"date":"2017-08-16",
	"default":false,
	"display":0
}]