[
{
	"pid":1,
	"title":"Nginx",
	"name":"nginx",
	"tip":"soft",
	"type":"Web Server",
	"id":1,
	"sort":1001,
	"ps":"Lightweight, smaller memory usage, highly concurrent",
	"versions":"1.12,1.8,-Tengine2.2.0,openresty",
	"shell":"nginx.sh",
	"checks":"/www/server/nginx/sbin/nginx",
	"author":"nginx.org",
	"home":"https://www.nginx.org",
	"date":"2017-04-01",
	"default":false,
	"display":1
},{
	"pid":2,
	"title":"Apache",
	"tip":"soft",
	"name":"apache",
	"type":"Web Server",
	"id":1,
	"sort":1001,
	"ps":" Rank number 1 in the world, fast and stable and extendable with API",
	"versions":"2.4,2.2",
	"shell":"httpd.sh",
	"checks":"/www/server/apache/bin/httpd",
	"author":"APACHE",
	"home":"http://www.apache.org",
	"date":"2017-04-01",
	"default":false,
	"display":1
},{
	"pid":3,
	"title":"MySQL",
	"tip":"soft",
	"name":"mysql",
	"type":"SQL Database",
	"id":1,
	"sort":1001,
	"ps":"MySQL is a database system!",
	"versions":"5.1,5.5,5.6,5.7,AliSQL,mariadb_10.0,mariadb_10.1",
	"shell":"mysql.sh",
	"checks":"/www/server/mysql/bin/mysql,/www/server/mysql/bin/mysqldump",
	"author":"Oracle",
	"home":"https://www.mysql.com",
	"date":"2017-04-01",
	"default":false,
	"display":1
},{
	"pid":4,
	"title":"Pure-Ftpd",
	"tip":"soft",
	"name":"pure-ftpd",
	"type":"FTP Server",
	"id":1,
	"sort":1001,
	"ps":"PureFTPd is a free FTP server software that focuses on program robustness and security",
	"versions":"1.0.45",
	"shell":"pure-ftpd.sh",
	"checks":"/www/server/pure-ftpd/bin/pure-pw",
	"author":"Pure-Ftpd",
	"home":"https://www.pureftpd.org",
	"date":"2017-04-01",
	"default":false,
	"display":1
},{
	"pid":5,
	"title":"Tomcat",
	"tip":"soft",
	"name":"tomcat",
	"type":"Language Interpreter",
	"id":1,
	"sort":1001,
	"ps":"Developing and debugging JSP",
	"versions":"7,8,9",
	"shell":"tomcat.sh",
	"checks":"/www/server/tomcat/bin/catalina.sh",
	"author":"APACHE",
	"home":"https://www.apache.org",
	"date":"2017-04-01",
	"default":false,
	"display":1
},{
	"pid":6,
	"title":"phpMyAdmin",
	"tip":"soft",
	"name":"phpmyadmin",
	"type":"Database Tool",
	"id":2,
	"sort":1001,
	"ps":"Web-based MySQL Manager Tool",
	"versions":"4.0,4.4,4.6,4.7",
	"shell":"phpmyadmin.sh",
	"checks":"/www/server/phpmyadmin/version.pl",
	"author":"phpMyAdmin",
	"home":"https://www.phpmyadmin.net",
	"date":"2017-04-01",
	"default":false,
	"display":1
},{
	"pid":7,
	"title":"PHP",
	"tip":"soft",
	"name":"php",
	"type":"Language Interpreter",
	"id":1,
	"sort":1001,
	"ps":"PHP is the best language in the world",
	"versions":"5.2,5.3,5.4,5.5,5.6,7.0,7.1",
	"shell":"php.sh",
	"checks":"/www/server/php/VERSION/bin/php",
	"author":"Zend",
	"home":"https://www.php.net",
	"date":"2017-04-01",
	"default":false,
	"display":1
},{
	"pid":10,
	"title":"FTP storage place",
	"tip":"lib",
	"name":"ftp",
	"type":"Cron Job",
	"id":2,
	"sort":1001,
	"ps":"Using for pack whole website and database to FTP server..",
	"versions":"1.5",
	"shell":"ftp.sh",
	"checks":"/www/server/panel/script/backup_ftp.py",
	"author":"瀹濆",
	"home":"http://www.bt.cn/bbs",
	"date":"2017-02-03",
	"default":false,
	"display":0
},{
	"pid":12,
	"title":"PHP Demons",
	"tip":"lib",
	"name":"phpguard",
	"type":"Others",
	"id":3,
	"sort":1001,
	"ps":"Monitoring  PHP-FPM operating and prevent large 502 error!",
	"versions":"1.2",
	"shell":"phpguard.sh",
	"checks":"/www/server/panel/data/502Task.pl,/www/server/panel/plugin/phpguard",
	"author":"aaPanel",
	"home":"http://www.bt.cn/bbs",
	"date":"2017-02-01",
	"default":false,
	"display":1
},{
	"pid":14,
	"title":"Linux Toolbox",
	"tip":"lib",
	"name":"linuxsys",
	"type":"System Tool",
	"id":2,
	"sort":1001,
	"ps":"Linux System Tool configurating DNS ,Swap and Time zone!!",
	"versions":"1.0",
	"shell":"linuxsys.sh",
	"checks":"/www/server/panel/plugin/linuxsys",
	"author":"aaPanel",
	"home":"http://www.bt.cn/bbs",
	"date":"2017-05-15",
	"default":false,
	"display":0
},{
	"pid":15,
	"title":"Redis",
	"tip":"soft",
	"name":"redis",
	"type":"General Buffer",
	"id":1,
	"sort":1001,
	"ps":"Redis is a high performance key-value database(requested using with PHP and configurating redis Plugin in PHP)",
	"versions":"3.2.9",
	"shell":"redis_soft.sh",
	"checks":"/www/server/redis/runtest",
	"author":"redis",
	"home":"https://redis.io",
	"date":"2017-06-21",
	"default":false,
	"display":0
},{
	"pid":16,
	"title":"Memcached",
	"tip":"soft",
	"name":"memcached",
	"type":"General Buffer",
	"id":1,
	"sort":1001,
	"ps":"Memcached is a high performance distributed memory buffer",
	"versions":"1.4",
	"shell":"memcached_soft.sh",
	"checks":"/usr/local/memcached/bin/memcached",
	"author":"Memcached",
	"home":"http://memcached.org/",
	"date":"2017-06-21",
	"default":false,
	"display":0
},{
	"sort": 6,
	"ps": "node.js Manager，Built-in node.js + npm + nvm + pm2.!",
	"shell": "pm2_en.sh",
	"name": "pm2_en",
	"title": "PM2 Manager",
	"default": false,
	"pid": 21,
	"versions": "2.6.1",
	"tip": "soft",
	"checks": "/www/server/panel/plugin/pm2_en/pm2_en_main.py",
	"display": 0,
	"author": "aapanel",
	"date": "2017-09-12",
	"home": "http://www.aapanel.com",
	"type": "Environment",
	"id": 1
},{
	"sort": 18,
	"ps": "WebHook，Setable call-back script, through third-party calcall-back notication!",
	"shell": "webhook.sh",
	"name": "webhook",
	"title": "aaPanel WebHook",
	"default": false,
	"pid": 17,
	"versions": "1.0",
	"tip": "lib",
	"checks": "/www/server/panel/plugin/webhook",
	"display": 0,
	"author": "aapanel",
	"date": "2017-07-12",
	"home": "https://www.aapanel.com",
	"type": "Extension",
	"id": 3
}]
